Time,Day_of_week,Age_band_of_driver,Sex_of_driver,Educational_level,Vehicle_driver_relation,Driving_experience,Lanes_or_Medians,Light_conditions,Weather_conditions,Type_of_collision,Cause_of_accident,Location,Accident_severity
08:45:00,Sunday,31-50,Male,Junior high school,Employee,Above 10yr,Undivided Two way,Daylight,Normal,Collision with animals,Other,"OMR, Chennai",Serious Injury
08:45:00,Sunday,31-50,Male,Junior high school,Employee,Above 10yr,One way,Daylight,Normal,Collision with animals,No distancing,"Chromepet, Chennai",Serious Injury
21:40:00,Thursday,Under 18,Male,Junior high school,Owner,5-10yr,Undivided Two way,Darkness - lights lit,Normal,Collision with animals,No priority to pedestrian,"Outer Ring Road, Chennai",Slight Injury
21:40:00,Thursday,Under 18,Male,Elementary school,Employee,2-5yr,other,Darkness - lights lit,Normal,Collision with animals,Moving Backward,"Old Mahabalipuram Road, Chennai",Slight Injury
18:50:00,Thursday,31-50,Male,Junior high school,Employee,2-5yr,other,Daylight,Unknown,Collision with animals,No priority to pedestrian,"Tambaram, Chennai",Slight Injury
18:50:00,Thursday,Under 18,Male,Junior high school,Employee,Below 1yr,One way,Daylight,Unknown,Collision with animals,No distancing,"ECR, Chennai",Slight Injury
21:55:00,Saturday,18-30,Male,Junior high school,Employee,2-5yr,One way,Darkness - lights lit,Normal,Collision with animals,No priority to pedestrian,"GST Road, Chennai",Slight Injury
21:55:00,Saturday,18-30,Male,Junior high school,Employee,2-5yr,Undivided Two way,Darkness - lights lit,Normal,Collision with animals,Moving Backward,"Alandur, Chennai",Slight Injury
17:45:00,Friday,Over 51,Male,Elementary school,Employee,5-10yr,other,Daylight,Raining,Other,Overtaking,"Rajiv Gandhi Salai, Chennai",Slight Injury
17:45:00,Friday,31-50,Male,Junior high school,Employee,Above 10yr,Undivided Two way,Daylight,Raining,Rollover,Changing lane to the left,"Mount Road, Chennai",Slight Injury
08:28:00,Sunday,18-30,Male,,,,other,Daylight,Normal,Collision with animals,Changing lane to the right,"Vadapalani, Chennai",Slight Injury
08:28:00,Sunday,Over 51,Male,Junior high school,Employee,2-5yr,other,Daylight,Normal,Rollover,Overtaking,"Thirumangalam High Road, Chennai",Slight Injury
13:10:00,Monday,18-30,Male,Junior high school,Employee,5-10yr,Double carriageway (median),Daylight,Normal,Collision with animals,Overloading,"Perambur, Chennai",Slight Injury
13:10:00,Monday,31-50,Male,Above high school,Employee,2-5yr,Undivided Two way,Daylight,Normal,Collision with animals,Other,"GST Road, Chennai",Slight Injury
13:55:00,Sunday,31-50,Male,,,,other,Daylight,Normal,Vehicle with vehicle collision,No priority to vehicle,"Old Mahabalipuram Road, Chennai",Slight Injury
13:55:00,Sunday,31-50,Male,,Employee,1-2yr,other,Daylight,Normal,Fall from vehicles,Changing lane to the right,"Tambaram, Chennai",Slight Injury
13:55:00,Sunday,Under 18,Male,Junior high school,Employee,2-5yr,Two-way (divided with solid lines road marking),Daylight,Normal,Collision with roadside-parked vehicles,Moving Backward,"ECR, Chennai",Slight Injury
13:55:00,Sunday,Under 18,Male,Junior high school,Employee,Above 10yr,Undivided Two way,Daylight,Normal,Collision with roadside-parked vehicles,Changing lane to the left,"OMR, Chennai",Slight Injury
17:25:00,Saturday,18-30,Male,Junior high school,Employee,Below 1yr,Undivided Two way,Daylight,Normal,Rollover,No priority to pedestrian,"Alandur, Chennai",Slight Injury
16:40:00,Sunday,31-50,Male,Junior high school,Employee,2-5yr,other,Daylight,Normal,Collision with animals,No distancing,"Vadapalani, Chennai",Slight Injury
08:50:00,Tuesday,31-50,Male,Junior high school,Employee,Below 1yr,Undivided Two way,Daylight,Normal,Collision with animals,No priority to vehicle,"Thirumangalam High Road, Chennai",Slight Injury
18:37:00,Wednesday,18-30,Male,High school,Employee,5-10yr,Undivided Two way,Daylight,Normal,Fall from vehicles,No distancing,"Perambur, Chennai",Slight Injury
18:37:00,Wednesday,31-50,Male,Above high school,Employee,1-2yr,Double carriageway (median),Daylight,Normal,Collision with roadside-parked vehicles,No distancing,"GST Road, Chennai",Slight Injury
18:37:00,Wednesday,31-50,Male,Junior high school,Employee,Below 1yr,Undivided Two way,Daylight,Normal,Collision with animals,Moving Backward,"Old Mahabalipuram Road, Chennai",Slight Injury
07:50:00,Friday,Over 51,Male,,,,other,Daylight,Normal,Collision with animals,Changing lane to the right,"Tambaram, Chennai",Serious Injury
07:50:00,Friday,31-50,Male,High school,Employee,Below 1yr,other,Daylight,Normal,Collision with pedestrians,No priority to pedestrian,"ECR, Chennai",Serious Injury
17:40:00,Thursday,18-30,Male,High school,Employee,Below 1yr,other,Daylight,Normal,Vehicle with vehicle collision,Moving Backward,"GST Road, Chennai",Serious Injury
16:00:00,Tuesday,31-50,Male,,,,other,Daylight,Normal,Vehicle with vehicle collision,Getting off the vehicle improperly,"Alandur, Chennai",Slight Injury
16:00:00,Tuesday,31-50,Male,High school,Employee,2-5yr,Undivided Two way,Daylight,Normal,Collision with pedestrians,Overtaking,"Rajiv Gandhi Salai, Chennai",Slight Injury
00:11:00,Sunday,Unknown,Female,Junior high school,Employee,Above 10yr,Two-way (divided with broken lines road marking),Darkness - lights lit,Normal,Vehicle with vehicle collision,Overloading,"Poonamallee High Road, Chennai",Slight Injury
00:11:00,Sunday,Under 18,Male,Junior high school,Employee,Above 10yr,Two-way (divided with broken lines road marking),Darkness - lights lit,Normal,Collision with roadside objects,Changing lane to the right,"Porur, Chennai",Slight Injury
17:10:00,Thursday,18-30,Male,Junior high school,Employee,5-10yr,Undivided Two way,Daylight,Normal,Vehicle with vehicle collision,Improper parking,"Velachery Main Road, Chennai",Fatal injury
17:10:00,Thursday,18-30,Male,Junior high school,Employee,1-2yr,Undivided Two way,Daylight,Normal,Vehicle with vehicle collision,Other,"OMR, Chennai",Fatal injury
15:00:00,Wednesday,18-30,Male,Unknown,Employee,Below 1yr,Two-way (divided with broken lines road marking),Daylight,Normal,Vehicle with vehicle collision,Changing lane to the left,"Chromepet, Chennai",Serious Injury
15:00:00,Wednesday,31-50,Male,Junior high school,Employee,Below 1yr,Two-way (divided with broken lines road marking),Daylight,Normal,Rollover,Changing lane to the right,"Outer Ring Road, Chennai",Serious Injury
08:20:00,Friday,Over 51,Male,High school,Employee,2-5yr,Undivided Two way,Daylight,Normal,Vehicle with vehicle collision,No priority to pedestrian,"Old Mahabalipuram Road, Chennai",Slight Injury
08:20:00,Friday,31-50,Male,Junior high school,Owner,1-2yr,Two-way (divided with broken lines road marking),Daylight,Normal,Vehicle with vehicle collision,Overspeed,"Tambaram, Chennai",Slight Injury
15:30:00,Thursday,31-50,Unknown,Junior high school,Employee,5-10yr,Undivided Two way,Daylight,Normal,Vehicle with vehicle collision,Changing lane to the left,"ECR, Chennai",Slight Injury
15:30:00,Thursday,18-30,Male,Elementary school,Employee,2-5yr,Double carriageway (median),Daylight,Normal,Collision with pedestrians,No priority to vehicle,"GST Road, Chennai",Slight Injury
07:35:00,Thursday,18-30,Female,Elementary school,Owner,5-10yr,Two-way (divided with broken lines road marking),Daylight,Normal,Vehicle with vehicle collision,Changing lane to the right,"Alandur, Chennai",Serious Injury
07:35:00,Thursday,31-50,Male,Junior high school,Employee,Above 10yr,Two-way (divided with broken lines road marking),Daylight,Normal,Collision with roadside objects,No distancing,"Rajiv Gandhi Salai, Chennai",Serious Injury
17:37:00,Monday,31-50,Unknown,Junior high school,Employee,5-10yr,Undivided Two way,Daylight,Normal,Vehicle with vehicle collision,No priority to pedestrian,"Poonamallee High Road, Chennai",Slight Injury
17:37:00,Monday,31-50,Male,High school,Employee,5-10yr,Two-way (divided with broken lines road marking),Daylight,Normal,Rollover,No distancing,"Porur, Chennai",Slight Injury
17:38:00,Thursday,18-30,Male,Junior high school,Employee,5-10yr,Double carriageway (median),Daylight,Normal,Vehicle with vehicle collision,No priority to vehicle,"Velachery Main Road, Chennai",Slight Injury
17:38:00,Thursday,31-50,Male,Junior high school,Employee,Above 10yr,Two-way (divided with broken lines road marking),Daylight,Normal,Vehicle with vehicle collision,Other,"OMR, Chennai",Slight Injury
17:38:00,Thursday,31-50,Male,Junior high school,,1-2yr,Two-way (divided with broken lines road marking),Daylight,Normal,Vehicle with vehicle collision,Driving carelessly,"Chromepet, Chennai",Slight Injury
17:38:00,Thursday,31-50,Male,Junior high school,Employee,2-5yr,Unknown,Daylight,Normal,Vehicle with vehicle collision,Changing lane to the left,"Outer Ring Road, Chennai",Slight Injury
17:14:00,Friday,18-30,Male,Junior high school,Employee,1-2yr,Double carriageway (median),Daylight,Normal,Vehicle with vehicle collision,Driving carelessly,"Old Mahabalipuram Road, Chennai",Slight Injury
17:14:00,Friday,Under 18,Male,,,,Two-way (divided with broken lines road marking),Daylight,Normal,Collision with roadside objects,Changing lane to the left,"Tambaram, Chennai",Slight Injury
17:14:00,Friday,18-30,Male,Elementary school,Employee,5-10yr,Two-way (divided with broken lines road marking),Daylight,Normal,Vehicle with vehicle collision,No priority to vehicle,"ECR, Chennai",Slight Injury
11:10:00,Sunday,Over 51,Male,Junior high school,Employee,5-10yr,One way,Daylight,Normal,Vehicle with vehicle collision,No distancing,"GST Road, Chennai",Slight Injury
11:10:00,Sunday,31-50,Male,Junior high school,Employee,Above 10yr,Undivided Two way,Daylight,Normal,Collision with roadside objects,Changing lane to the right,"Alandur, Chennai",Slight Injury
22:20:00,Sunday,Unknown,Female,Junior high school,Employee,2-5yr,Undivided Two way,Darkness - lights lit,Normal,Collision with roadside objects,Changing lane to the right,"Rajiv Gandhi Salai, Chennai",Slight Injury
22:20:00,Sunday,Over 51,Male,Junior high school,Owner,Above 10yr,other,Darkness - lights lit,Normal,Vehicle with vehicle collision,Driving at high speed,"Poonamallee High Road, Chennai",Slight Injury
22:20:00,Sunday,Over 51,Male,Junior high school,Employee,2-5yr,Two-way (divided with broken lines road marking),Darkness - lights lit,Normal,Vehicle with vehicle collision,No distancing,"Porur, Chennai",Slight Injury
22:20:00,Sunday,Under 18,Male,Elementary school,Other,5-10yr,Undivided Two way,Darkness - lights lit,Normal,Vehicle with vehicle collision,Changing lane to the right,"Velachery Main Road, Chennai",Slight Injury
22:20:00,Sunday,Under 18,Male,Elementary school,Employee,5-10yr,Two-way (divided with broken lines road marking),Darkness - lights lit,Normal,Vehicle with vehicle collision,Changing lane to the left,"OMR, Chennai",Slight Injury
03:07:00,Sunday,31-50,Male,Junior high school,,5-10yr,Double carriageway (median),Darkness - lights lit,Normal,Collision with roadside objects,Getting off the vehicle improperly,"Chromepet, Chennai",Serious Injury
23:10:00,Monday,18-30,Male,Junior high school,Employee,5-10yr,Undivided Two way,Darkness - lights lit,Normal,Vehicle with vehicle collision,Other,"Outer Ring Road, Chennai",Slight Injury
23:10:00,Monday,18-30,Male,Elementary school,Employee,Above 10yr,Undivided Two way,Darkness - lights lit,Normal,Vehicle with vehicle collision,Other,"Old Mahabalipuram Road, Chennai",Slight Injury
12:34:00,Monday,31-50,Unknown,Junior high school,,Below 1yr,Two-way (divided with broken lines road marking),Daylight,Raining,Vehicle with vehicle collision,No distancing,"Tambaram, Chennai",Slight Injury
12:34:00,Monday,18-30,Male,Junior high school,Employee,5-10yr,Double carriageway (median),Daylight,Raining,Vehicle with vehicle collision,No priority to vehicle,"ECR, Chennai",Slight Injury
11:50:00,Wednesday,Over 51,Male,Elementary school,Employee,1-2yr,Undivided Two way,Daylight,Normal,Vehicle with vehicle collision,Overtaking,"GST Road, Chennai",Slight Injury
11:50:00,Wednesday,31-50,Male,,,,other,Daylight,Normal,Vehicle with vehicle collision,No priority to pedestrian,"Alandur, Chennai",Slight Injury
11:50:00,Wednesday,31-50,Male,Junior high school,Employee,Above 10yr,Two-way (divided with broken lines road marking),Daylight,Normal,Collision with roadside objects,No distancing,"Rajiv Gandhi Salai, Chennai",Slight Injury
13:30:00,Tuesday,31-50,Male,High school,Owner,2-5yr,Undivided Two way,Daylight,Normal,Vehicle with vehicle collision,Changing lane to the right,"Poonamallee High Road, Chennai",Slight Injury
13:30:00,Tuesday,18-30,Male,Junior high school,Employee,1-2yr,Undivided Two way,Daylight,Normal,Collision with pedestrians,Driving carelessly,"Porur, Chennai",Slight Injury
17:10:00,Monday,18-30,Unknown,Junior high school,Employee,1-2yr,Double carriageway (median),Daylight,Normal,Collision with roadside objects,Changing lane to the right,"Velachery Main Road, Chennai",Slight Injury
17:10:00,Monday,31-50,Male,Above high school,Owner,2-5yr,Undivided Two way,Daylight,Normal,Collision with roadside objects,Overtaking,"OMR, Chennai",Slight Injury
08:45:00,Monday,31-50,Male,,,,Undivided Two way,Daylight,Normal,Vehicle with vehicle collision,Other,"Chromepet, Chennai",Serious Injury
08:45:00,Monday,31-50,Male,Elementary school,Owner,2-5yr,other,Daylight,Normal,Rollover,Driving to the left,"Outer Ring Road, Chennai",Serious Injury
20:31:00,Saturday,31-50,Male,Junior high school,Employee,1-2yr,Two-way (divided with broken lines road marking),Daylight,Normal,Vehicle with vehicle collision,Driving at high speed,"Old Mahabalipuram Road, Chennai",Slight Injury
20:31:00,Saturday,18-30,Male,,Owner,5-10yr,Two-way (divided with broken lines road marking),Daylight,Normal,Vehicle with vehicle collision,Unknown,"Tambaram, Chennai",Slight Injury
20:31:00,Saturday,18-30,Male,Junior high school,Employee,Below 1yr,Undivided Two way,Daylight,Normal,Vehicle with vehicle collision,Changing lane to the right,"103 Feet Road, Anna Nagar",Slight Injury
07:58:00,Monday,31-50,Male,Junior high school,Employee,2-5yr,Double carriageway (median),Daylight,Raining,Vehicle with vehicle collision,No distancing,"Nungambakkam, Chennai",Slight Injury
07:58:00,Monday,31-50,Male,Junior high school,Employee,5-10yr,Double carriageway (median),Daylight,Raining,Vehicle with vehicle collision,Other,"Mount Road, Chennai",Slight Injury
17:30:00,Friday,31-50,Male,Junior high school,Employee,Above 10yr,Two-way (divided with broken lines road marking),Daylight,Normal,Vehicle with vehicle collision,No priority to vehicle,"T Nagar, Chennai",Serious Injury
17:30:00,Friday,18-30,Male,Elementary school,Employee,2-5yr,Two-way (divided with broken lines road marking),Daylight,Normal,Vehicle with vehicle collision,Changing lane to the left,"GST Road, Chennai",Serious Injury
07:50:00,Friday,18-30,Male,Elementary school,Owner,Above 10yr,Two-way (divided with broken lines road marking),Daylight,Normal,Vehicle with vehicle collision,No priority to pedestrian,"Chromepet, Chennai",Slight Injury
07:50:00,Friday,31-50,Unknown,Junior high school,Employee,1-2yr,Two-way (divided with broken lines road marking),Daylight,Normal,Collision with roadside objects,Overtaking,"Outer Ring Road, Chennai",Slight Injury
07:50:00,Friday,31-50,Male,Junior high school,Employee,5-10yr,Double carriageway (median),Daylight,Normal,Vehicle with vehicle collision,Driving carelessly,"Old Mahabalipuram Road, Chennai",Slight Injury
23:05:00,Friday,Unknown,Female,Junior high school,Employee,2-5yr,Double carriageway (median),Darkness - lights lit,Normal,Vehicle with vehicle collision,No priority to vehicle,"Tambaram, Chennai",Slight Injury
23:05:00,Friday,31-50,Male,Junior high school,Employee,2-5yr,Two-way (divided with broken lines road marking),Darkness - lights lit,Normal,Vehicle with vehicle collision,No priority to pedestrian,"Rajiv Gandhi Salai, Chennai",Slight Injury
09:36:00,Thursday,31-50,Male,Junior high school,Employee,2-5yr,Two-way (divided with broken lines road marking),Daylight,Normal,Vehicle with vehicle collision,Changing lane to the right,"Poonamallee High Road, Chennai",Slight Injury
09:36:00,Thursday,Over 51,Male,Junior high school,Employee,2-5yr,Two-way (divided with broken lines road marking),Daylight,Normal,Collision with pedestrians,Moving Backward,"Porur, Chennai",Slight Injury
17:25:00,Saturday,31-50,Male,Junior high school,Employee,Above 10yr,other,Daylight,Normal,Vehicle with vehicle collision,Overtaking,"Velachery Main Road, Chennai",Slight Injury
17:00:00,Tuesday,18-30,Male,Junior high school,Employee,Above 10yr,Two-way (divided with broken lines road marking),Daylight,Normal,Vehicle with vehicle collision,Changing lane to the left,"OMR, Chennai",Slight Injury
17:00:00,Tuesday,31-50,Male,Elementary school,Employee,5-10yr,Two-way (divided with broken lines road marking),Daylight,Normal,Vehicle with vehicle collision,Changing lane to the right,"Alandur, Chennai",Slight Injury
13:54:00,Thursday,18-30,Male,,Employee,,Two-way (divided with broken lines road marking),Daylight,Normal,Vehicle with vehicle collision,Overtaking,"GST Road, Chennai",Slight Injury
13:54:00,Thursday,Over 51,Male,,Employee,2-5yr,Two-way (divided with broken lines road marking),Daylight,Normal,Vehicle with vehicle collision,Overloading,"Old Mahabalipuram Road, Chennai",Slight Injury
10:02:00,Tuesday,31-50,Male,Elementary school,Employee,5-10yr,,Daylight,Normal,Vehicle with vehicle collision,Other,"Tambaram, Chennai",Serious Injury
14:40:00,Wednesday,18-30,Unknown,Junior high school,Employee,5-10yr,Two-way (divided with broken lines road marking),Daylight,Normal,Collision with roadside objects,No priority to vehicle,"104 Feet Road, Anna Nagar",Slight Injury
14:40:00,Wednesday,Over 51,Male,Junior high school,Employee,Above 10yr,Undivided Two way,Daylight,Normal,Vehicle with vehicle collision,Changing lane to the right,"Nungambakkam, Chennai",Slight Injury
16:35:00,Tuesday,18-30,Unknown,Junior high school,Employee,5-10yr,Undivided Two way,Daylight,Normal,Vehicle with vehicle collision,Moving Backward,"Mount Road, Chennai",Slight Injury
16:35:00,Tuesday,31-50,Male,Junior high school,Employee,Above 10yr,One way,Daylight,Normal,Vehicle with vehicle collision,Changing lane to the left,"T Nagar, Chennai",Slight Injury
12:34:00,Thursday,18-30,Male,Elementary school,Employee,Below 1yr,Two-way (divided with broken lines road marking),Daylight,Normal,Vehicle with vehicle collision,No priority to pedestrian,"Rajiv Gandhi Salai, Chennai",Slight Injury
12:34:00,Thursday,31-50,Male,Elementary school,Employee,5-10yr,One way,Daylight,Normal,Vehicle with vehicle collision,No distancing,"Kamarajar Salai, Chennai",Slight Injury
16:25:00,Tuesday,31-50,Male,Elementary school,Employee,1-2yr,Two-way (divided with broken lines road marking),Daylight,Normal,Vehicle with vehicle collision,No priority to vehicle,"Thirumangalam, Chennai",Slight Injury
16:25:00,Tuesday,Over 51,Male,Elementary school,Employee,5-10yr,Double carriageway (median),Daylight,Normal,Vehicle with vehicle collision,No distancing,"GST Road, Chennai",Slight Injury
17:46:00,Wednesday,18-30,Male,Elementary school,Employee,5-10yr,Unknown,Daylight,Normal,Vehicle with vehicle collision,No distancing,"Poonamallee High Road, Chennai",Serious Injury
15:55:00,Wednesday,Over 51,Male,Elementary school,Employee,2-5yr,,Daylight,Normal,Rollover,Moving Backward,"Porur, Chennai",Slight Injury
09:00:00,Friday,Over 51,Male,Elementary school,Employee,5-10yr,other,Daylight,Normal,Vehicle with vehicle collision,Changing lane to the right,"Velachery Main Road, Chennai",Slight Injury
08:15:00,Tuesday,31-50,Male,,,5-10yr,,Daylight,Normal,Vehicle with vehicle collision,No priority to pedestrian,"OMR, Chennai",Slight Injury
08:15:00,Tuesday,31-50,Male,Junior high school,Employee,Above 10yr,One way,Daylight,Normal,Vehicle with vehicle collision,Moving Backward,"Chromepet, Chennai",Slight Injury
08:15:00,Tuesday,31-50,Male,Junior high school,Employee,Above 10yr,Undivided Two way,Daylight,Normal,Collision with roadside objects,Getting off the vehicle improperly,"Outer Ring Road, Chennai",Slight Injury
07:25:00,Thursday,18-30,Male,Elementary school,Employee,Below 1yr,Two-way (divided with broken lines road marking),Daylight,Normal,Vehicle with vehicle collision,Overtaking,"Old Mahabalipuram Road, Chennai",Slight Injury
07:25:00,Thursday,18-30,Male,Elementary school,Employee,5-10yr,Two-way (divided with broken lines road marking),Daylight,Normal,Vehicle with vehicle collision,Overloading,"Tambaram, Chennai",Slight Injury
07:25:00,Thursday,18-30,Male,Elementary school,Owner,5-10yr,Two-way (divided with broken lines road marking),Daylight,Normal,Vehicle with vehicle collision,Changing lane to the right,"ECR, Chennai",Slight Injury
07:25:00,Thursday,31-50,Male,Elementary school,Employee,2-5yr,Two-way (divided with broken lines road marking),Daylight,Normal,Collision with roadside objects,Improper parking,"GST Road, Chennai",Slight Injury
19:30:00,Monday,18-30,Unknown,Elementary school,Employee,Above 10yr,other,Daylight,Raining,Vehicle with vehicle collision,Other,"Alandur, Chennai",Slight Injury
19:15:00,Wednesday,18-30,Male,Elementary school,Employee,2-5yr,other,Daylight,Normal,Vehicle with vehicle collision,Changing lane to the left,"Rajiv Gandhi Salai, Chennai",Serious Injury
17:00:00,Friday,31-50,Male,Junior high school,Employee,Above 10yr,Two-way (divided with broken lines road marking),Daylight,Normal,Vehicle with vehicle collision,Changing lane to the right,"Mount Road, Chennai",Slight Injury
17:00:00,Friday,31-50,Male,Junior high school,Employee,Below 1yr,Undivided Two way,Daylight,Normal,Vehicle with vehicle collision,No priority to pedestrian,"Vadapalani, Chennai",Slight Injury
17:00:00,Friday,31-50,Male,Junior high school,Employee,2-5yr,other,Daylight,Normal,Collision with roadside objects,Overspeed,"Thirumangalam High Road, Chennai",Slight Injury
17:00:00,Friday,31-50,Male,Elementary school,Employee,5-10yr,other,Daylight,Normal,Vehicle with vehicle collision,Changing lane to the left,"Perambur, Chennai",Slight Injury
17:00:00,Friday,31-50,Male,Elementary school,Employee,5-10yr,Undivided Two way,Daylight,Normal,Vehicle with vehicle collision,No priority to vehicle,"GST Road, Chennai",Slight Injury
17:00:00,Friday,18-30,Male,Elementary school,Employee,1-2yr,other,Daylight,Normal,Vehicle with vehicle collision,Changing lane to the right,"Old Mahabalipuram Road, Chennai",Slight Injury
13:50:00,Saturday,31-50,Male,Elementary school,Employee,,Undivided Two way,Daylight,Normal,Vehicle with vehicle collision,No distancing,"Tambaram, Chennai",Slight Injury
13:50:00,Saturday,18-30,Male,Junior high school,Employee,1-2yr,Undivided Two way,Daylight,Normal,Vehicle with vehicle collision,No priority to pedestrian,"ECR, Chennai",Slight Injury
17:25:00,Friday,18-30,Male,,Employee,5-10yr,Double carriageway (median),Daylight,Normal,Collision with pedestrians,No distancing,"OMR, Chennai",Serious Injury
17:25:00,Friday,31-50,Male,Elementary school,Owner,1-2yr,other,Daylight,Normal,Vehicle with vehicle collision,No priority to vehicle,"Alandur, Chennai",Serious Injury
09:55:00,Wednesday,18-30,Male,Junior high school,Employee,5-10yr,Two-way (divided with broken lines road marking),Daylight,Normal,Vehicle with vehicle collision,Other,"Vadapalani, Chennai",Slight Injury
09:55:00,Wednesday,31-50,Male,Junior high school,Employee,2-5yr,other,Daylight,Normal,Collision with roadside objects,Driving carelessly,"Thirumangalam High Road, Chennai",Slight Injury
16:01:00,Friday,18-30,Male,Junior high school,Employee,2-5yr,other,Daylight,Raining,Vehicle with vehicle collision,Changing lane to the left,"Perambur, Chennai",Slight Injury
16:01:00,Friday,Under 18,Male,Junior high school,Employee,5-10yr,Two-way (divided with broken lines road marking),Daylight,Raining,Vehicle with vehicle collision,Driving carelessly,"GST Road, Chennai",Slight Injury
22:35:00,Thursday,18-30,Male,Junior high school,Owner,Below 1yr,other,Darkness - no lighting,Normal,Collision with pedestrians,Changing lane to the left,"Old Mahabalipuram Road, Chennai",Serious Injury
22:35:00,Thursday,18-30,Male,High school,Employee,Below 1yr,Undivided Two way,Darkness - no lighting,Normal,Vehicle with vehicle collision,No priority to vehicle,"Tambaram, Chennai",Serious Injury
14:04:00,Thursday,18-30,Male,Junior high school,Employee,,Undivided Two way,Daylight,Normal,Vehicle with vehicle collision,No distancing,"ECR, Chennai",Slight Injury
14:04:00,Thursday,Over 51,Male,Junior high school,Employee,Below 1yr,Two-way (divided with broken lines road marking),Daylight,Normal,Collision with pedestrians,Changing lane to the right,"GST Road, Chennai",Slight Injury
14:04:00,Thursday,18-30,Male,Junior high school,Employee,2-5yr,Undivided Two way,Daylight,Normal,Collision with pedestrians,Changing lane to the right,"Alandur, Chennai",Slight Injury
17:33:00,Wednesday,Over 51,Male,Junior high school,Employee,2-5yr,Double carriageway (median),Daylight,Normal,Collision with pedestrians,Driving at high speed,"Rajiv Gandhi Salai, Chennai",Slight Injury
17:33:00,Wednesday,Over 51,Female,Junior high school,Employee,5-10yr,other,Daylight,Normal,Collision with roadside objects,No distancing,"Poonamallee High Road, Chennai",Slight Injury
14:30:00,Thursday,Over 51,Male,Elementary school,Employee,5-10yr,Two-way (divided with broken lines road marking),Daylight,Other,Vehicle with vehicle collision,Changing lane to the right,"Porur, Chennai",Slight Injury
14:30:00,Thursday,Over 51,Male,,Owner,5-10yr,Two-way (divided with broken lines road marking),Daylight,Other,Vehicle with vehicle collision,Changing lane to the left,"Velachery Main Road, Chennai",Slight Injury
14:30:00,Thursday,Under 18,Male,Junior high school,Employee,5-10yr,Undivided Two way,Daylight,Other,Vehicle with vehicle collision,Getting off the vehicle improperly,"OMR, Chennai",Slight Injury
14:30:00,Thursday,Under 18,Male,Junior high school,Owner,5-10yr,Undivided Two way,Daylight,Other,Vehicle with vehicle collision,Other,"Chromepet, Chennai",Slight Injury
16:20:00,Wednesday,Unknown,Female,Illiterate,Employee,2-5yr,Undivided Two way,Daylight,Normal,Vehicle with vehicle collision,Other,"Outer Ring Road, Chennai",Slight Injury
16:20:00,Wednesday,18-30,Male,Junior high school,Employee,5-10yr,Two-way (divided with broken lines road marking),Daylight,Normal,Vehicle with vehicle collision,No distancing,"Old Mahabalipuram Road, Chennai",Slight Injury
20:25:00,Thursday,18-30,Male,Junior high school,Employee,Below 1yr,other,Darkness - lights lit,Normal,Collision with pedestrians,No priority to vehicle,"Tambaram, Chennai",Serious Injury
20:25:00,Thursday,Under 18,Male,Junior high school,Employee,1-2yr,,Darkness - lights lit,Normal,Collision with roadside objects,Overtaking,"ECR, Chennai",Serious Injury
10:54:00,Monday,Over 51,Male,Elementary school,Employee,2-5yr,Double carriageway (median),Daylight,Normal,Vehicle with vehicle collision,No priority to pedestrian,"GST Road, Chennai",Serious Injury
10:54:00,Monday,Over 51,Male,Elementary school,Employee,2-5yr,Two-way (divided with broken lines road marking),Daylight,Normal,Vehicle with vehicle collision,No distancing,"Alandur, Chennai",Serious Injury
20:35:00,Saturday,31-50,Male,Elementary school,Employee,5-10yr,Two-way (divided with broken lines road marking),Daylight,Normal,Vehicle with vehicle collision,Changing lane to the right,"Rajiv Gandhi Salai, Chennai",Slight Injury
20:35:00,Saturday,Under 18,Male,Junior high school,Employee,5-10yr,Two-way (divided with broken lines road marking),Daylight,Normal,Vehicle with vehicle collision,Driving carelessly,"Poonamallee High Road, Chennai",Slight Injury
16:40:00,Saturday,18-30,Male,,,,,Daylight,Normal,With Train,Changing lane to the right,"Porur, Chennai",Slight Injury
16:40:00,Saturday,31-50,Male,Junior high school,Employee,Above 10yr,Two-way (divided with broken lines road marking),Daylight,Normal,Vehicle with vehicle collision,Overtaking,"Velachery Main Road, Chennai",Slight Injury
09:00:00,Friday,31-50,Male,Junior high school,Employee,Above 10yr,Double carriageway (median),Daylight,Normal,Vehicle with vehicle collision,Other,"OMR, Chennai",Slight Injury
09:00:00,Friday,31-50,Male,Junior high school,Owner,Above 10yr,Two-way (divided with broken lines road marking),Daylight,Normal,Vehicle with vehicle collision,Driving to the left,"Chromepet, Chennai",Slight Injury
09:00:00,Friday,31-50,Male,Junior high school,Employee,unknown,Undivided Two way,Daylight,Normal,Vehicle with vehicle collision,Driving at high speed,"Outer Ring Road, Chennai",Slight Injury
09:00:00,Friday,Over 51,Male,Junior high school,Employee,5-10yr,Two-way (divided with broken lines road marking),Daylight,Normal,Vehicle with vehicle collision,Unknown,"Old Mahabalipuram Road, Chennai",Slight Injury
16:56:00,Sunday,31-50,Male,Junior high school,Employee,2-5yr,,Daylight,Normal,Vehicle with vehicle collision,Changing lane to the right,"Tambaram, Chennai",Slight Injury
16:56:00,Sunday,31-50,Male,Elementary school,Employee,5-10yr,Two-way (divided with broken lines road marking),Daylight,Normal,Vehicle with vehicle collision,No distancing,"ECR, Chennai",Slight Injury
16:56:00,Sunday,31-50,Male,Junior high school,Employee,2-5yr,Two-way (divided with broken lines road marking),Daylight,Normal,Vehicle with vehicle collision,Other,"GST Road, Chennai",Slight Injury