Time,Day_of_week,Age_band_of_driver,Sex_of_driver,Educational_level,Vehicle_driver_relation,Driving_experience,Lanes_or_Medians,Light_conditions,Weather_conditions,Type_of_collision,Cause_of_accident,Location,Accident_severity
15:05:00,Wednesday,Unknown,Male,Elementary school,Employee,5-10yr,,Daylight,Raining,Collision with roadside objects,No distancing,"Poonamallee High Road, Chennai",Slight Injury
15:05:00,Wednesday,31-50,Male,Elementary school,Employee,1-2yr,Undivided Two way,Daylight,Raining,Vehicle with vehicle collision,Moving Backward,"Porur, Chennai",Slight Injury
12:08:00,Saturday,18-30,Male,Elementary school,Employee,5-10yr,other,Daylight,Normal,Vehicle with vehicle collision,Moving Backward,"Velachery Main Road, Chennai",Slight Injury
12:08:00,Saturday,18-30,Male,Elementary school,Employee,5-10yr,other,Daylight,Normal,Vehicle with vehicle collision,No distancing,"OMR, Chennai",Slight Injury
12:08:00,Saturday,31-50,Male,Elementary school,Employee,2-5yr,Undivided Two way,Daylight,Normal,Vehicle with vehicle collision,No distancing,"Chromepet, Chennai",Slight Injury
23:21:00,Thursday,Under 18,Male,Elementary school,Employee,5-10yr,other,Darkness - lights lit,Normal,Vehicle with vehicle collision,No distancing,"Outer Ring Road, Chennai",Slight Injury
23:21:00,Thursday,Under 18,Male,,,5-10yr,Undivided Two way,Darkness - lights lit,Normal,Collision with pedestrians,No priority to pedestrian,"Old Mahabalipuram Road, Chennai",Slight Injury
08:40:00,Thursday,Unknown,Female,Junior high school,Employee,Above 10yr,Double carriageway (median),Daylight,Normal,Vehicle with vehicle collision,Driving carelessly,"Tambaram, Chennai",Slight Injury
08:40:00,Thursday,18-30,Male,Junior high school,Employee,Above 10yr,other,Daylight,Normal,Vehicle with vehicle collision,Changing lane to the right,"ECR, Chennai",Slight Injury
08:40:00,Thursday,18-30,Male,Elementary school,Employee,Below 1yr,Undivided Two way,Daylight,Normal,Collision with roadside objects,Changing lane to the left,"GST Road, Chennai",Slight Injury
08:40:00,Thursday,31-50,Male,Elementary school,Employee,5-10yr,One way,Daylight,Normal,Vehicle with vehicle collision,Driving carelessly,"Alandur, Chennai",Slight Injury
17:40:00,Monday,31-50,Male,Elementary school,Owner,5-10yr,Undivided Two way,Daylight,Unknown,Vehicle with vehicle collision,Driving carelessly,"Rajiv Gandhi Salai, Chennai",Slight Injury
17:40:00,Monday,Under 18,Male,Elementary school,Employee,2-5yr,other,Daylight,Unknown,Collision with pedestrians,No distancing,"Poonamallee High Road, Chennai",Slight Injury
10:56:00,Friday,18-30,Male,Elementary school,Employee,Above 10yr,other,Daylight,Normal,Vehicle with vehicle collision,Other,"Porur, Chennai",Slight Injury
10:56:00,Friday,18-30,Male,Elementary school,Employee,2-5yr,One way,Daylight,Normal,Vehicle with vehicle collision,Changing lane to the right,"Velachery Main Road, Chennai",Slight Injury
13:00:00,Tuesday,Unknown,Male,Junior high school,Employee,Above 10yr,One way,Daylight,Normal,Collision with pedestrians,Changing lane to the right,"OMR, Chennai",Slight Injury
13:00:00,Tuesday,18-30,Male,Junior high school,Employee,Below 1yr,Undivided Two way,Daylight,Normal,Collision with pedestrians,No distancing,"Chromepet, Chennai",Slight Injury
09:30:00,Friday,Unknown,Male,Junior high school,Employee,2-5yr,other,Daylight,Normal,Collision with pedestrians,No distancing,"Outer Ring Road, Chennai",Slight Injury
15:00:00,Wednesday,Unknown,Male,Elementary school,Employee,5-10yr,Undivided Two way,Daylight,Normal,Collision with roadside objects,Overturning,"Old Mahabalipuram Road, Chennai",Slight Injury
15:00:00,Wednesday,18-30,Male,Elementary school,Employee,5-10yr,other,Daylight,Normal,Vehicle with vehicle collision,Driving at high speed,"Tambaram, Chennai",Slight Injury
17:10:00,Thursday,31-50,Male,Elementary school,Employee,1-2yr,other,Daylight,Normal,Vehicle with vehicle collision,No priority to vehicle,"133 Feet Road, Anna Nagar",Serious Injury
17:10:00,Thursday,18-30,Male,Elementary school,Employee,,Double carriageway (median),Daylight,Normal,Vehicle with vehicle collision,No priority to pedestrian,"Nungambakkam, Chennai",Serious Injury
15:04:00,Saturday,18-30,Male,Junior high school,Employee,1-2yr,Undivided Two way,Daylight,Normal,Vehicle with vehicle collision,No priority to vehicle,"Mount Road, Chennai",Fatal injury
15:04:00,Saturday,31-50,Male,,Employee,5-10yr,other,Daylight,Normal,Vehicle with vehicle collision,Other,"T Nagar, Chennai",Fatal injury
15:04:00,Saturday,31-50,Male,Elementary school,Owner,1-2yr,other,Daylight,Normal,Vehicle with vehicle collision,Other,"GST Road, Chennai",Fatal injury
15:04:00,Saturday,31-50,Male,Junior high school,Employee,5-10yr,Two-way (divided with solid lines road marking),Daylight,Normal,Collision with pedestrians,Moving Backward,"Chromepet, Chennai",Fatal injury
15:15:00,Tuesday,Under 18,Male,Junior high school,Employee,2-5yr,Undivided Two way,Daylight,Normal,Collision with roadside objects,No distancing,"Outer Ring Road, Chennai",Serious Injury
11:27:00,Sunday,18-30,Male,Junior high school,Employee,2-5yr,Undivided Two way,Daylight,Normal,Vehicle with vehicle collision,Moving Backward,"Old Mahabalipuram Road, Chennai",Slight Injury
11:27:00,Sunday,Over 51,Male,Junior high school,Employee,5-10yr,other,Daylight,Normal,Vehicle with vehicle collision,No priority to vehicle,"Tambaram, Chennai",Slight Injury
10:15:00,Monday,31-50,Male,Junior high school,Owner,Below 1yr,Undivided Two way,Daylight,Normal,Vehicle with vehicle collision,Driving carelessly,"Rajiv Gandhi Salai, Chennai",Slight Injury
10:15:00,Monday,Over 51,Male,High school,Employee,Below 1yr,Undivided Two way,Daylight,Normal,Vehicle with vehicle collision,No distancing,"Poonamallee High Road, Chennai",Slight Injury
22:30:00,Saturday,Under 18,Male,Junior high school,Employee,,Double carriageway (median),Darkness - lights lit,Raining,With Train,Other,"Porur, Chennai",Slight Injury
22:30:00,Saturday,Unknown,Male,Junior high school,Employee,Below 1yr,Undivided Two way,Darkness - lights lit,Raining,Vehicle with vehicle collision,Changing lane to the right,"Velachery Main Road, Chennai",Slight Injury
14:25:00,Friday,31-50,Male,Junior high school,Employee,2-5yr,other,Daylight,Normal,Vehicle with vehicle collision,No distancing,"OMR, Chennai",Slight Injury
14:25:00,Friday,Unknown,Female,Junior high school,Employee,2-5yr,other,Daylight,Normal,Vehicle with vehicle collision,Driving carelessly,"Alandur, Chennai",Slight Injury
22:15:00,Friday,Unknown,Male,Junior high school,Employee,5-10yr,other,Darkness - lights lit,Normal,Vehicle with vehicle collision,No distancing,"GST Road, Chennai",Slight Injury
22:15:00,Friday,31-50,Male,Elementary school,Employee,5-10yr,other,Darkness - lights lit,Normal,Vehicle with vehicle collision,No priority to vehicle,"Old Mahabalipuram Road, Chennai",Slight Injury
22:15:00,Friday,31-50,Male,,Owner,5-10yr,Undivided Two way,Darkness - lights lit,Normal,Vehicle with vehicle collision,Changing lane to the right,"Tambaram, Chennai",Slight Injury
14:30:00,Tuesday,Over 51,Male,Junior high school,Employee,5-10yr,Two-way (divided with broken lines road marking),Daylight,Normal,Vehicle with vehicle collision,No priority to pedestrian,"134 Feet Road, Anna Nagar",Slight Injury
14:28:00,Saturday,31-50,Male,Junior high school,Owner,5-10yr,Two-way (divided with broken lines road marking),Daylight,Raining,Vehicle with vehicle collision,No priority to vehicle,"Nungambakkam, Chennai",Slight Injury
14:28:00,Saturday,31-50,Male,Illiterate,Employee,2-5yr,Undivided Two way,Daylight,Raining,Vehicle with vehicle collision,Changing lane to the left,"Mount Road, Chennai",Slight Injury
22:05:00,Saturday,18-30,Male,Junior high school,Employee,5-10yr,Undivided Two way,Darkness - no lighting,Normal,Collision with pedestrians,Turnover,"T Nagar, Chennai",Slight Injury
22:05:00,Saturday,18-30,Male,Junior high school,Employee,Below 1yr,Two-way (divided with broken lines road marking),Darkness - no lighting,Normal,Collision with roadside objects,Driving to the left,"Rajiv Gandhi Salai, Chennai",Slight Injury
22:05:00,Saturday,31-50,Male,Junior high school,Employee,1-2yr,Two-way (divided with broken lines road marking),Darkness - no lighting,Normal,Collision with roadside objects,Driving carelessly,"Kamarajar Salai, Chennai",Slight Injury
08:45:00,Monday,18-30,Male,Elementary school,Employee,2-5yr,Undivided Two way,Daylight,Normal,Vehicle with vehicle collision,Driving to the left,"Thirumangalam, Chennai",Slight Injury
08:45:00,Monday,31-50,Male,Elementary school,Employee,2-5yr,Two-way (divided with broken lines road marking),Daylight,Normal,Vehicle with vehicle collision,Driving carelessly,"GST Road, Chennai",Slight Injury
09:00:00,Friday,Unknown,Female,Elementary school,Employee,5-10yr,Undivided Two way,Daylight,Normal,Vehicle with vehicle collision,No priority to pedestrian,"Poonamallee High Road, Chennai",Slight Injury
10:30:00,Friday,Unknown,Unknown,Junior high school,Employee,5-10yr,Double carriageway (median),Daylight,Raining,Vehicle with vehicle collision,Driving carelessly,"Porur, Chennai",Slight Injury
10:30:00,Friday,31-50,Male,,,,Two-way (divided with broken lines road marking),Daylight,Raining,Vehicle with vehicle collision,Changing lane to the right,"Velachery Main Road, Chennai",Slight Injury
18:30:00,Friday,Unknown,Male,Junior high school,Employee,Above 10yr,Two-way (divided with broken lines road marking),Daylight,Normal,Collision with roadside objects,Moving Backward,"OMR, Chennai",Slight Injury
18:30:00,Friday,31-50,Male,Junior high school,Employee,Above 10yr,Undivided Two way,Daylight,Normal,Vehicle with vehicle collision,Driving carelessly,"Chromepet, Chennai",Slight Injury
17:11:00,Wednesday,31-50,Male,Junior high school,Owner,Above 10yr,Two-way (divided with broken lines road marking),Daylight,Normal,Vehicle with vehicle collision,Changing lane to the right,"Outer Ring Road, Chennai",Slight Injury
13:02:00,Tuesday,18-30,Male,Junior high school,Employee,unknown,Double carriageway (median),Daylight,Normal,Vehicle with vehicle collision,Driving carelessly,"Old Mahabalipuram Road, Chennai",Slight Injury
13:02:00,Tuesday,18-30,Male,Junior high school,Employee,5-10yr,Two-way (divided with broken lines road marking),Daylight,Normal,Vehicle with vehicle collision,Driving carelessly,"Tambaram, Chennai",Slight Injury
13:02:00,Tuesday,18-30,Male,Junior high school,Employee,2-5yr,Two-way (divided with broken lines road marking),Daylight,Normal,Vehicle with vehicle collision,Driving carelessly,"ECR, Chennai",Slight Injury
13:02:00,Tuesday,18-30,Male,Elementary school,Employee,5-10yr,Unknown,Daylight,Normal,Vehicle with vehicle collision,Changing lane to the right,"GST Road, Chennai",Slight Injury
17:10:00,Wednesday,Over 51,Male,Junior high school,Employee,2-5yr,Double carriageway (median),Daylight,Unknown,Collision with pedestrians,Changing lane to the right,"Alandur, Chennai",Slight Injury
17:10:00,Wednesday,Under 18,Male,High school,Owner,5-10yr,Two-way (divided with broken lines road marking),Daylight,Unknown,Collision with pedestrians,Driving carelessly,"Rajiv Gandhi Salai, Chennai",Slight Injury
15:20:00,Wednesday,31-50,Male,Junior high school,Employee,Above 10yr,Two-way (divided with broken lines road marking),Daylight,Normal,Collision with roadside objects,Overtaking,"Mount Road, Chennai",Slight Injury
20:25:00,Saturday,Unknown,Male,Junior high school,Employee,2-5yr,One way,Daylight,Normal,Collision with pedestrians,Changing lane to the right,"Vadapalani, Chennai",Slight Injury
20:25:00,Saturday,18-30,Male,Elementary school,Employee,2-5yr,Undivided Two way,Daylight,Normal,Vehicle with vehicle collision,No distancing,"Thirumangalam High Road, Chennai",Slight Injury
20:25:00,Saturday,18-30,Male,High school,Owner,Above 10yr,Undivided Two way,Daylight,Normal,Vehicle with vehicle collision,Other,"Perambur, Chennai",Slight Injury
07:49:00,Thursday,31-50,Male,Elementary school,Employee,1-2yr,other,Daylight,Normal,Vehicle with vehicle collision,Changing lane to the right,"GST Road, Chennai",Serious Injury
07:49:00,Thursday,18-30,Male,Junior high school,Employee,Above 10yr,Two-way (divided with broken lines road marking),Daylight,Normal,Collision with roadside objects,Changing lane to the right,"Old Mahabalipuram Road, Chennai",Serious Injury
07:49:00,Thursday,18-30,Male,,,,Undivided Two way,Daylight,Normal,Collision with roadside objects,Overtaking,"Tambaram, Chennai",Serious Injury
07:49:00,Thursday,18-30,Male,Junior high school,Owner,5-10yr,Two-way (divided with broken lines road marking),Daylight,Normal,Vehicle with vehicle collision,Other,"ECR, Chennai",Serious Injury
14:00:00,Monday,31-50,Male,Above high school,Employee,5-10yr,Double carriageway (median),Daylight,Normal,Vehicle with vehicle collision,Driving to the left,"OMR, Chennai",Slight Injury
14:00:00,Monday,Unknown,Male,Junior high school,Employee,5-10yr,Undivided Two way,Daylight,Normal,Vehicle with vehicle collision,Overtaking,"Alandur, Chennai",Slight Injury
08:20:00,Sunday,18-30,Male,Junior high school,Employee,Above 10yr,Undivided Two way,Daylight,Unknown,Vehicle with vehicle collision,No priority to vehicle,"Vadapalani, Chennai",Slight Injury
15:55:00,Monday,Over 51,Male,Junior high school,Employee,1-2yr,Two-way (divided with broken lines road marking),Daylight,Normal,Vehicle with vehicle collision,Moving Backward,"Thirumangalam High Road, Chennai",Slight Injury
15:55:00,Monday,31-50,Male,Junior high school,Employee,2-5yr,Double carriageway (median),Daylight,Normal,Vehicle with vehicle collision,Other,"Perambur, Chennai",Slight Injury
13:15:00,Friday,Over 51,Male,Junior high school,Employee,Below 1yr,Undivided Two way,Daylight,Normal,Vehicle with vehicle collision,No priority to vehicle,"GST Road, Chennai",Serious Injury
13:15:00,Friday,Over 51,Male,Junior high school,Employee,Above 10yr,other,Daylight,Normal,Vehicle with vehicle collision,No priority to pedestrian,"Old Mahabalipuram Road, Chennai",Serious Injury
13:15:00,Friday,Over 51,Male,Junior high school,Employee,1-2yr,Two-way (divided with broken lines road marking),Daylight,Normal,Vehicle with vehicle collision,Changing lane to the right,"Tambaram, Chennai",Serious Injury
12:30:00,Friday,18-30,Male,Above high school,Employee,5-10yr,Undivided Two way,Daylight,Normal,Collision with roadside objects,Changing lane to the right,"ECR, Chennai",Slight Injury
14:10:00,Wednesday,18-30,Male,Junior high school,Employee,5-10yr,Undivided Two way,Daylight,Normal,Collision with roadside objects,Changing lane to the right,"GST Road, Chennai",Slight Injury
14:10:00,Wednesday,Over 51,Male,Elementary school,Owner,Below 1yr,Double carriageway (median),Daylight,Normal,Collision with pedestrians,Driving to the left,"Alandur, Chennai",Slight Injury
10:34:00,Monday,31-50,Male,,,,Undivided Two way,Daylight,Normal,Vehicle with vehicle collision,Changing lane to the left,"Rajiv Gandhi Salai, Chennai",Slight Injury
12:45:00,Wednesday,Under 18,Male,Junior high school,Employee,Above 10yr,Undivided Two way,Daylight,Normal,Vehicle with vehicle collision,Moving Backward,"Poonamallee High Road, Chennai",Slight Injury
08:20:00,Sunday,18-30,Male,Junior high school,,,other,Daylight,Raining,Vehicle with vehicle collision,Driving at high speed,"Porur, Chennai",Serious Injury
17:44:00,Saturday,Unknown,Male,Junior high school,Employee,1-2yr,Two-way (divided with broken lines road marking),Daylight,Normal,Vehicle with vehicle collision,Moving Backward,"Velachery Main Road, Chennai",Slight Injury
17:44:00,Saturday,31-50,Male,Junior high school,Owner,2-5yr,Two-way (divided with broken lines road marking),Daylight,Normal,Vehicle with vehicle collision,No distancing,"OMR, Chennai",Slight Injury
12:00:00,Saturday,18-30,Male,,Employee,unknown,Undivided Two way,Daylight,Normal,Vehicle with vehicle collision,Other,"Chromepet, Chennai",Slight Injury
12:00:00,Saturday,Over 51,Male,Junior high school,Employee,Above 10yr,Double carriageway (median),Daylight,Normal,Vehicle with vehicle collision,No priority to vehicle,"Outer Ring Road, Chennai",Slight Injury
12:00:00,Saturday,Over 51,Male,Junior high school,Owner,2-5yr,Double carriageway (median),Daylight,Normal,Vehicle with vehicle collision,Changing lane to the right,"Old Mahabalipuram Road, Chennai",Slight Injury
14:51:00,Friday,Over 51,Male,Junior high school,Employee,5-10yr,Two-way (divided with broken lines road marking),Daylight,Normal,Vehicle with vehicle collision,Other,"Tambaram, Chennai",Slight Injury
14:51:00,Friday,Under 18,Male,Junior high school,Employee,2-5yr,Two-way (divided with broken lines road marking),Daylight,Normal,Collision with pedestrians,No distancing,"ECR, Chennai",Slight Injury
13:30:00,Friday,18-30,Male,Junior high school,Employee,1-2yr,Two-way (divided with broken lines road marking),Daylight,Normal,Collision with pedestrians,Driving carelessly,"GST Road, Chennai",Slight Injury
13:30:00,Friday,Unknown,Male,Junior high school,Employee,5-10yr,Two-way (divided with broken lines road marking),Daylight,Normal,Vehicle with vehicle collision,No distancing,"Alandur, Chennai",Slight Injury
19:57:00,Saturday,Over 51,Male,Junior high school,Employee,2-5yr,Double carriageway (median),Darkness - lights lit,Normal,Vehicle with vehicle collision,Moving Backward,"Rajiv Gandhi Salai, Chennai",Slight Injury
19:02:00,Tuesday,18-30,Male,Elementary school,Employee,5-10yr,Double carriageway (median),Daylight,Normal,Vehicle with vehicle collision,No distancing,"Poonamallee High Road, Chennai",Serious Injury
19:02:00,Tuesday,18-30,Male,Above high school,Owner,5-10yr,Two-way (divided with broken lines road marking),Daylight,Normal,Vehicle with vehicle collision,Moving Backward,"Porur, Chennai",Serious Injury
21:06:00,Friday,31-50,Male,Junior high school,Employee,2-5yr,Two-way (divided with broken lines road marking),Darkness - lights lit,Normal,Vehicle with vehicle collision,No priority to pedestrian,"Velachery Main Road, Chennai",Slight Injury
21:06:00,Friday,18-30,Male,Junior high school,Employee,2-5yr,Two-way (divided with broken lines road marking),Darkness - lights lit,Normal,Vehicle with vehicle collision,Changing lane to the left,"OMR, Chennai",Slight Injury
06:02:00,Sunday,18-30,Male,Junior high school,Employee,2-5yr,other,Daylight,Raining,Vehicle with vehicle collision,No distancing,"Chromepet, Chennai",Slight Injury
12:20:00,Saturday,18-30,Male,Junior high school,Employee,5-10yr,Two-way (divided with broken lines road marking),Daylight,Normal,Vehicle with vehicle collision,Other,"Outer Ring Road, Chennai",Slight Injury
12:20:00,Saturday,18-30,Male,Junior high school,Employee,1-2yr,Two-way (divided with broken lines road marking),Daylight,Normal,Vehicle with vehicle collision,No distancing,"Old Mahabalipuram Road, Chennai",Slight Injury
16:40:00,Tuesday,31-50,Male,Junior high school,Owner,2-5yr,Two-way (divided with broken lines road marking),Daylight,Normal,Vehicle with vehicle collision,No priority to pedestrian,"Tambaram, Chennai",Slight Injury
12:25:00,Tuesday,Unknown,Female,High school,Owner,2-5yr,Two-way (divided with broken lines road marking),Daylight,Normal,Vehicle with vehicle collision,Moving Backward,"ECR, Chennai",Slight Injury
12:25:00,Tuesday,Over 51,Male,,Employee,,,Daylight,Normal,Vehicle with vehicle collision,No priority to pedestrian,"GST Road, Chennai",Slight Injury
12:00:00,Monday,Unknown,Male,Junior high school,Owner,1-2yr,Two-way (divided with broken lines road marking),Daylight,Unknown,Vehicle with vehicle collision,No distancing,"Alandur, Chennai",Slight Injury
12:00:00,Monday,Unknown,Male,Junior high school,,Below 1yr,Undivided Two way,Daylight,Unknown,Vehicle with vehicle collision,No priority to pedestrian,"Rajiv Gandhi Salai, Chennai",Slight Injury
06:54:00,Sunday,Unknown,Male,High school,Employee,1-2yr,Undivided Two way,Daylight,Raining,Vehicle with vehicle collision,Driving carelessly,"Poonamallee High Road, Chennai",Slight Injury
06:54:00,Sunday,31-50,Male,Above high school,Employee,1-2yr,One way,Daylight,Raining,Vehicle with vehicle collision,Getting off the vehicle improperly,"Porur, Chennai",Slight Injury
21:45:00,Tuesday,31-50,Male,Junior high school,Employee,Above 10yr,Two-way (divided with broken lines road marking),Darkness - lights lit,Normal,Vehicle with vehicle collision,Driving carelessly,"Velachery Main Road, Chennai",Slight Injury
21:45:00,Tuesday,18-30,Male,High school,Employee,1-2yr,One way,Darkness - lights lit,Normal,Vehicle with vehicle collision,Changing lane to the left,"OMR, Chennai",Slight Injury
16:50:00,Wednesday,Over 51,Male,Junior high school,Employee,2-5yr,Two-way (divided with broken lines road marking),Daylight,Normal,Vehicle with vehicle collision,No priority to vehicle,"Chromepet, Chennai",Slight Injury
16:50:00,Wednesday,Over 51,Male,Above high school,Other,2-5yr,Double carriageway (median),Daylight,Normal,Vehicle with vehicle collision,Changing lane to the right,"Outer Ring Road, Chennai",Slight Injury
14:14:00,Saturday,18-30,Male,High school,Employee,Above 10yr,Unknown,Daylight,Normal,Vehicle with vehicle collision,Changing lane to the right,"Old Mahabalipuram Road, Chennai",Serious Injury
05:30:00,Wednesday,Unknown,Female,Elementary school,Employee,5-10yr,,Daylight,Other,Collision with roadside objects,No distancing,"Tambaram, Chennai",Slight Injury
05:30:00,Wednesday,18-30,Male,High school,Employee,1-2yr,other,Daylight,Other,Collision with roadside objects,No distancing,"ECR, Chennai",Slight Injury
14:02:00,Monday,Under 18,Male,High school,Employee,5-10yr,,Daylight,Normal,Vehicle with vehicle collision,Changing lane to the left,"GST Road, Chennai",Slight Injury
14:02:00,Monday,Over 51,Male,High school,Employee,2-5yr,One way,Daylight,Normal,Vehicle with vehicle collision,Changing lane to the right,"Alandur, Chennai",Slight Injury
20:04:00,Sunday,31-50,Male,Junior high school,Employee,1-2yr,Undivided Two way,Daylight,Normal,Vehicle with vehicle collision,No priority to vehicle,"Rajiv Gandhi Salai, Chennai",Slight Injury
20:04:00,Sunday,18-30,Male,Above high school,Employee,Above 10yr,Two-way (divided with broken lines road marking),Daylight,Normal,Vehicle with vehicle collision,Changing lane to the left,"Poonamallee High Road, Chennai",Slight Injury
22:46:00,Friday,Under 18,Male,Above high school,Employee,2-5yr,Two-way (divided with broken lines road marking),Darkness - lights lit,Raining,Collision with roadside objects,No priority to vehicle,"Porur, Chennai",Slight Injury
22:46:00,Friday,Under 18,Male,Elementary school,Employee,5-10yr,Two-way (divided with broken lines road marking),Darkness - lights lit,Raining,Vehicle with vehicle collision,Moving Backward,"Velachery Main Road, Chennai",Slight Injury
13:11:00,Wednesday,18-30,Male,Elementary school,Employee,1-2yr,Two-way (divided with broken lines road marking),Daylight,Raining,Collision with roadside objects,Turnover,"OMR, Chennai",Slight Injury
13:11:00,Wednesday,18-30,Male,Junior high school,Employee,,other,Daylight,Raining,Collision with roadside objects,No distancing,"Chromepet, Chennai",Slight Injury
20:15:00,Thursday,Over 51,Male,,,,other,Daylight,Normal,Collision with pedestrians,No distancing,"Outer Ring Road, Chennai",Slight Injury
20:15:00,Thursday,31-50,Male,Elementary school,Employee,5-10yr,Two-way (divided with broken lines road marking),Daylight,Normal,Vehicle with vehicle collision,No distancing,"Old Mahabalipuram Road, Chennai",Slight Injury
20:15:00,Thursday,31-50,Male,Junior high school,Employee,2-5yr,Undivided Two way,Daylight,Normal,Collision with roadside objects,Changing lane to the left,"Tambaram, Chennai",Slight Injury
15:20:00,Wednesday,31-50,Male,Junior high school,Employee,5-10yr,other,Daylight,Normal,Vehicle with vehicle collision,No priority to vehicle,"134 Feet Road, Anna Nagar",Slight Injury
15:20:00,Wednesday,31-50,Male,High school,Employee,2-5yr,other,Daylight,Normal,Vehicle with vehicle collision,Driving at high speed,"Nungambakkam, Chennai",Slight Injury
10:51:00,Thursday,31-50,Male,Junior high school,Employee,1-2yr,Undivided Two way,Daylight,Normal,Vehicle with vehicle collision,Overtaking,"Mount Road, Chennai",Slight Injury
10:51:00,Thursday,Over 51,Male,Junior high school,Employee,1-2yr,other,Daylight,Normal,Vehicle with vehicle collision,Other,"T Nagar, Chennai",Slight Injury
10:51:00,Thursday,Over 51,Male,Junior high school,Employee,5-10yr,Undivided Two way,Daylight,Normal,Vehicle with vehicle collision,Changing lane to the left,"GST Road, Chennai",Slight Injury
09:06:00,Thursday,18-30,Male,Illiterate,Employee,unknown,Undivided Two way,Daylight,Normal,Vehicle with vehicle collision,No priority to pedestrian,"Chromepet, Chennai",Slight Injury
09:06:00,Thursday,18-30,Male,Junior high school,Employee,5-10yr,Double carriageway (median),Daylight,Normal,Collision with roadside objects,Changing lane to the left,"Outer Ring Road, Chennai",Slight Injury
08:56:00,Sunday,18-30,Male,Junior high school,Employee,1-2yr,other,Daylight,Normal,Vehicle with vehicle collision,No distancing,"Old Mahabalipuram Road, Chennai",Slight Injury
14:30:00,Monday,31-50,Male,Junior high school,Employee,2-5yr,Two-way (divided with broken lines road marking),Daylight,Unknown,Collision with roadside objects,Moving Backward,"Tambaram, Chennai",Slight Injury
14:30:00,Monday,Under 18,Male,Junior high school,Employee,Above 10yr,other,Daylight,Unknown,Vehicle with vehicle collision,Changing lane to the left,"Rajiv Gandhi Salai, Chennai",Slight Injury
22:20:00,Saturday,Under 18,Male,Junior high school,Owner,5-10yr,other,Darkness - lights lit,Normal,Vehicle with vehicle collision,Other,"Poonamallee High Road, Chennai",Serious Injury
22:20:00,Saturday,18-30,Male,High school,Employee,1-2yr,Two-way (divided with broken lines road marking),Darkness - lights lit,Normal,Vehicle with vehicle collision,No distancing,"Porur, Chennai",Serious Injury
15:30:00,Monday,18-30,Male,Junior high school,Employee,Above 10yr,other,Daylight,Normal,Collision with roadside objects,Moving Backward,"Velachery Main Road, Chennai",Slight Injury
06:30:00,Wednesday,Unknown,Female,Junior high school,Employee,1-2yr,Undivided Two way,Daylight,Normal,Collision with roadside objects,No distancing,"OMR, Chennai",Serious Injury
06:30:00,Wednesday,31-50,Male,Junior high school,Employee,2-5yr,Undivided Two way,Daylight,Normal,Vehicle with vehicle collision,Changing lane to the left,"Alandur, Chennai",Serious Injury
14:27:00,Friday,Over 51,Male,Junior high school,Employee,Above 10yr,Two-way (divided with broken lines road marking),Daylight,Normal,Vehicle with vehicle collision,Changing lane to the left,"GST Road, Chennai",Slight Injury
14:27:00,Friday,Over 51,Male,Junior high school,Employee,2-5yr,Undivided Two way,Daylight,Normal,Vehicle with vehicle collision,No priority to pedestrian,"Old Mahabalipuram Road, Chennai",Slight Injury
14:27:00,Friday,Unknown,Male,Elementary school,Employee,5-10yr,Double carriageway (median),Daylight,Normal,Vehicle with vehicle collision,Changing lane to the left,"Tambaram, Chennai",Slight Injury
16:46:00,Saturday,18-30,Male,,,,other,Daylight,Normal,Vehicle with vehicle collision,Driving carelessly,"135 Feet Road, Anna Nagar",Slight Injury
16:46:00,Saturday,31-50,Male,Elementary school,Employee,1-2yr,Two-way (divided with broken lines road marking),Daylight,Normal,Vehicle with vehicle collision,Driving carelessly,"Nungambakkam, Chennai",Slight Injury
09:45:00,Monday,Unknown,Female,Elementary school,Employee,5-10yr,Two-way (divided with broken lines road marking),Daylight,Normal,Vehicle with vehicle collision,No priority to pedestrian,"Mount Road, Chennai",Slight Injury
09:45:00,Monday,18-30,Male,Elementary school,Employee,5-10yr,Undivided Two way,Daylight,Normal,Collision with roadside objects,Getting off the vehicle improperly,"T Nagar, Chennai",Slight Injury
14:35:00,Sunday,Unknown,Male,Junior high school,Employee,1-2yr,Undivided Two way,Daylight,Unknown,Collision with roadside objects,No distancing,"Rajiv Gandhi Salai, Chennai",Slight Injury
14:35:00,Sunday,Unknown,Male,Junior high school,Employee,5-10yr,Undivided Two way,Daylight,Unknown,Collision with roadside objects,Changing lane to the left,"Kamarajar Salai, Chennai",Slight Injury
14:35:00,Sunday,Unknown,Female,Junior high school,Employee,5-10yr,Two-way (divided with broken lines road marking),Daylight,Unknown,Vehicle with vehicle collision,No priority to vehicle,"Thirumangalam, Chennai",Slight Injury
00:29:00,Wednesday,Unknown,Male,Junior high school,Employee,2-5yr,other,Darkness - lights lit,Raining,Vehicle with vehicle collision,No distancing,"GST Road, Chennai",Slight Injury
00:29:00,Wednesday,Under 18,Male,Junior high school,Employee,1-2yr,,Darkness - lights lit,Raining,Vehicle with vehicle collision,No priority to pedestrian,"Poonamallee High Road, Chennai",Slight Injury
00:29:00,Wednesday,Under 18,Male,Junior high school,Employee,5-10yr,Double carriageway (median),Darkness - lights lit,Raining,Vehicle with vehicle collision,No priority to pedestrian,"Porur, Chennai",Slight Injury
00:29:00,Wednesday,Under 18,Male,Junior high school,Employee,Below 1yr,Two-way (divided with broken lines road marking),Darkness - lights lit,Raining,Collision with pedestrians,No priority to vehicle,"Velachery Main Road, Chennai",Slight Injury
00:29:00,Wednesday,Under 18,Male,Junior high school,Employee,5-10yr,Two-way (divided with broken lines road marking),Darkness - lights lit,Raining,Collision with pedestrians,Driving carelessly,"OMR, Chennai",Slight Injury