Time,Day_of_week,Age_band_of_driver,Sex_of_driver,Educational_level,Vehicle_driver_relation,Driving_experience,Lanes_or_Medians,Light_conditions,Weather_conditions,Type_of_collision,Cause_of_accident,Location,Accident_severity
07:20:00,Wednesday,18-30,Male,Junior high school,Owner,2-5yr,Two-way (divided with broken lines road marking),Daylight,Normal,Vehicle with vehicle collision,Driving carelessly,"Vadapalani, Chennai",Slight Injury
07:20:00,Wednesday,18-30,Male,Elementary school,Employee,1-2yr,Two-way (divided with broken lines road marking),Daylight,Normal,Vehicle with vehicle collision,No distancing,"Thirumangalam High Road, Chennai",Slight Injury
07:20:00,Wednesday,Under 18,Female,Junior high school,Employee,2-5yr,other,Daylight,Normal,Collision with roadside objects,Moving Backward,"Perambur, Chennai",Slight Injury
16:39:00,Tuesday,Under 18,Male,Junior high school,Employee,5-10yr,Undivided Two way,Daylight,Normal,Vehicle with vehicle collision,No distancing,"GST Road, Chennai",Slight Injury
16:39:00,Tuesday,31-50,Male,,,,Undivided Two way,Daylight,Normal,Collision with pedestrians,Moving Backward,"Old Mahabalipuram Road, Chennai",Slight Injury
16:49:00,Thursday,18-30,Male,Elementary school,Owner,5-10yr,Two-way (divided with broken lines road marking),Daylight,Normal,Vehicle with vehicle collision,No priority to pedestrian,"Tambaram, Chennai",Slight Injury
11:15:00,Monday,31-50,Male,High school,Other,Above 10yr,Two-way (divided with broken lines road marking),Daylight,Raining,Collision with roadside objects,Changing lane to the left,"ECR, Chennai",Slight Injury
12:50:00,Monday,18-30,Male,Junior high school,Employee,Above 10yr,other,Daylight,Raining,Vehicle with vehicle collision,No distancing,"OMR, Chennai",Slight Injury
12:50:00,Monday,31-50,Male,Junior high school,Employee,1-2yr,Two-way (divided with broken lines road marking),Daylight,Raining,Vehicle with vehicle collision,Other,"Alandur, Chennai",Slight Injury
18:50:00,Monday,18-30,Male,High school,Owner,,other,Daylight,Raining,Vehicle with vehicle collision,No distancing,"Vadapalani, Chennai",Slight Injury
18:50:00,Monday,18-30,Male,Junior high school,Employee,2-5yr,Two-way (divided with broken lines road marking),Daylight,Raining,Vehicle with vehicle collision,No priority to pedestrian,"Thirumangalam High Road, Chennai",Slight Injury
17:36:00,Friday,Under 18,Male,Junior high school,Employee,5-10yr,One way,Daylight,Normal,Vehicle with vehicle collision,Moving Backward,"Perambur, Chennai",Slight Injury
17:36:00,Friday,Under 18,Male,Junior high school,Employee,2-5yr,Double carriageway (median),Daylight,Normal,Rollover,No priority to pedestrian,"GST Road, Chennai",Slight Injury
20:55:00,Tuesday,18-30,Male,Junior high school,Employee,Above 10yr,One way,Daylight,Normal,Collision with roadside objects,No distancing,"Old Mahabalipuram Road, Chennai",Serious Injury
17:01:00,Thursday,18-30,Male,Elementary school,Employee,5-10yr,Undivided Two way,Daylight,Normal,Vehicle with vehicle collision,No priority to pedestrian,"Tambaram, Chennai",Slight Injury
15:00:00,Friday,31-50,Male,Junior high school,Employee,5-10yr,Double carriageway (median),Daylight,Normal,Vehicle with vehicle collision,Driving carelessly,"ECR, Chennai",Slight Injury
02:55:00,Saturday,18-30,Male,Above high school,Employee,1-2yr,Two-way (divided with broken lines road marking),Darkness - lights lit,Windy,Collision with roadside objects,Getting off the vehicle improperly,"GST Road, Chennai",Serious Injury
18:35:00,Thursday,31-50,Male,Elementary school,Employee,Above 10yr,Undivided Two way,Daylight,Normal,Vehicle with vehicle collision,Driving carelessly,"Alandur, Chennai",Slight Injury
18:35:00,Thursday,31-50,Male,Elementary school,Employee,5-10yr,,Daylight,Normal,Vehicle with vehicle collision,Changing lane to the left,"Rajiv Gandhi Salai, Chennai",Slight Injury
22:10:00,Sunday,Under 18,Male,Elementary school,Employee,2-5yr,Double carriageway (median),Darkness - lights lit,Normal,Vehicle with vehicle collision,No priority to vehicle,"Poonamallee High Road, Chennai",Slight Injury
22:10:00,Sunday,31-50,Male,Elementary school,Employee,2-5yr,Two-way (divided with broken lines road marking),Darkness - lights lit,Normal,Vehicle with vehicle collision,Changing lane to the right,"Porur, Chennai",Slight Injury
17:21:00,Thursday,Under 18,Male,Junior high school,Employee,5-10yr,,Daylight,Normal,Vehicle with vehicle collision,Changing lane to the right,"Velachery Main Road, Chennai",Slight Injury
17:21:00,Thursday,31-50,Male,Junior high school,Employee,1-2yr,,Daylight,Normal,Vehicle with vehicle collision,No distancing,"OMR, Chennai",Slight Injury
11:42:00,Wednesday,Over 51,Male,Junior high school,Employee,5-10yr,Two-way (divided with broken lines road marking),Daylight,Normal,Collision with pedestrians,No distancing,"Chromepet, Chennai",Slight Injury
11:42:00,Wednesday,31-50,Male,Junior high school,Employee,5-10yr,Two-way (divided with broken lines road marking),Daylight,Normal,Vehicle with vehicle collision,Changing lane to the left,"Outer Ring Road, Chennai",Slight Injury
15:20:00,Wednesday,Unknown,Female,Above high school,Employee,5-10yr,Undivided Two way,Daylight,Normal,Collision with roadside objects,Changing lane to the right,"Old Mahabalipuram Road, Chennai",Slight Injury
18:20:00,Sunday,31-50,Male,Junior high school,Employee,Above 10yr,Two-way (divided with broken lines road marking),Daylight,Raining,Vehicle with vehicle collision,No priority to vehicle,"Tambaram, Chennai",Slight Injury
18:20:00,Sunday,31-50,Male,Elementary school,Employee,2-5yr,Two-way (divided with broken lines road marking),Daylight,Raining,Vehicle with vehicle collision,Changing lane to the left,"ECR, Chennai",Slight Injury
18:20:00,Sunday,31-50,Male,Junior high school,Employee,5-10yr,Two-way (divided with broken lines road marking),Daylight,Raining,Vehicle with vehicle collision,No priority to vehicle,"GST Road, Chennai",Slight Injury
18:20:00,Sunday,31-50,Male,,,,Undivided Two way,Daylight,Raining,Vehicle with vehicle collision,Moving Backward,"Alandur, Chennai",Slight Injury
18:20:00,Sunday,31-50,Male,Junior high school,Employee,5-10yr,Undivided Two way,Daylight,Raining,Vehicle with vehicle collision,Turnover,"Rajiv Gandhi Salai, Chennai",Slight Injury
14:42:00,Sunday,Over 51,Male,Junior high school,Employee,,Double carriageway (median),Daylight,Raining,Vehicle with vehicle collision,No distancing,"Poonamallee High Road, Chennai",Slight Injury
14:42:00,Sunday,Over 51,Male,Junior high school,Employee,,Double carriageway (median),Daylight,Raining,Vehicle with vehicle collision,No distancing,"Porur, Chennai",Slight Injury
14:42:00,Sunday,Over 51,Male,Junior high school,Employee,1-2yr,Two-way (divided with broken lines road marking),Daylight,Raining,Vehicle with vehicle collision,No distancing,"Velachery Main Road, Chennai",Slight Injury
18:23:00,Friday,18-30,Male,Above high school,Owner,5-10yr,Double carriageway (median),Daylight,Normal,Vehicle with vehicle collision,Changing lane to the left,"OMR, Chennai",Slight Injury
10:35:00,Thursday,18-30,Male,Junior high school,Employee,2-5yr,Two-way (divided with broken lines road marking),Daylight,Normal,Collision with roadside objects,No priority to vehicle,"Chromepet, Chennai",Slight Injury
10:35:00,Thursday,18-30,Male,Junior high school,Owner,5-10yr,,Daylight,Normal,Vehicle with vehicle collision,Driving at high speed,"Outer Ring Road, Chennai",Slight Injury
06:25:00,Thursday,Over 51,Male,High school,Employee,2-5yr,,Daylight,Normal,Collision with roadside objects,Overtaking,"Old Mahabalipuram Road, Chennai",Serious Injury
06:25:00,Thursday,18-30,Male,Junior high school,Employee,Above 10yr,One way,Daylight,Normal,Vehicle with vehicle collision,Other,"Tambaram, Chennai",Serious Injury
16:25:00,Saturday,18-30,Male,Junior high school,Employee,Below 1yr,Two-way (divided with broken lines road marking),Daylight,Normal,Vehicle with vehicle collision,Changing lane to the left,"ECR, Chennai",Slight Injury
16:25:00,Saturday,18-30,Male,Junior high school,Employee,Below 1yr,,Daylight,Normal,,No priority to pedestrian,"GST Road, Chennai",Slight Injury
16:20:00,Monday,Under 18,Male,,Owner,,Undivided Two way,Daylight,Normal,Collision with pedestrians,Changing lane to the left,"Alandur, Chennai",Slight Injury
16:20:00,Monday,31-50,Male,Junior high school,Employee,2-5yr,Two-way (divided with broken lines road marking),Daylight,Normal,Vehicle with vehicle collision,No distancing,"Rajiv Gandhi Salai, Chennai",Slight Injury
16:37:00,Wednesday,18-30,Male,,,,Two-way (divided with broken lines road marking),Daylight,Normal,Vehicle with vehicle collision,Moving Backward,"Poonamallee High Road, Chennai",Slight Injury
16:37:00,Wednesday,31-50,Male,Elementary school,Employee,No Licence,Two-way (divided with broken lines road marking),Daylight,Normal,Vehicle with vehicle collision,Changing lane to the left,"Porur, Chennai",Slight Injury
23:15:00,Monday,Unknown,Female,Junior high school,Employee,Above 10yr,Two-way (divided with broken lines road marking),Darkness - lights lit,Normal,Collision with pedestrians,Other,"Velachery Main Road, Chennai",Serious Injury
15:27:00,Tuesday,31-50,Male,Junior high school,Owner,Above 10yr,Two-way (divided with broken lines road marking),Daylight,Normal,Collision with roadside objects,No distancing,"OMR, Chennai",Slight Injury
15:10:00,Thursday,Unknown,Female,Junior high school,Employee,Above 10yr,Undivided Two way,Daylight,Normal,,Moving Backward,"Chromepet, Chennai",Slight Injury
15:10:00,Thursday,Over 51,Male,Junior high school,Employee,Above 10yr,Undivided Two way,Daylight,Normal,Vehicle with vehicle collision,No distancing,"Outer Ring Road, Chennai",Slight Injury
14:30:00,Tuesday,18-30,Male,Junior high school,Owner,5-10yr,Undivided Two way,Daylight,Normal,,Changing lane to the left,"Old Mahabalipuram Road, Chennai",Serious Injury
13:15:00,Saturday,18-30,Male,Junior high school,Employee,Below 1yr,Double carriageway (median),Daylight,Normal,,Changing lane to the left,"Tambaram, Chennai",Serious Injury
13:15:00,Saturday,31-50,Male,Junior high school,Employee,2-5yr,Undivided Two way,Daylight,Normal,,No priority to pedestrian,"ECR, Chennai",Serious Injury
13:15:00,Wednesday,Under 18,Male,Junior high school,Employee,,Undivided Two way,Daylight,Normal,Vehicle with vehicle collision,Changing lane to the left,"GST Road, Chennai",Slight Injury
13:15:00,Wednesday,Unknown,Female,Above high school,Employee,1-2yr,Undivided Two way,Daylight,Normal,Vehicle with vehicle collision,Driving carelessly,"Alandur, Chennai",Slight Injury
14:13:00,Tuesday,Over 51,Male,Junior high school,Employee,1-2yr,Undivided Two way,Daylight,Normal,Collision with roadside objects,Driving carelessly,"Rajiv Gandhi Salai, Chennai",Slight Injury
14:13:00,Tuesday,31-50,Male,Junior high school,Employee,1-2yr,Two-way (divided with broken lines road marking),Daylight,Normal,Collision with roadside objects,No priority to pedestrian,"Poonamallee High Road, Chennai",Slight Injury
14:13:00,Tuesday,31-50,Male,Unknown,Employee,5-10yr,Undivided Two way,Daylight,Normal,Vehicle with vehicle collision,Getting off the vehicle improperly,"Porur, Chennai",Slight Injury
14:13:00,Tuesday,31-50,Male,Junior high school,Employee,Above 10yr,Undivided Two way,Daylight,Normal,Vehicle with vehicle collision,No distancing,"Velachery Main Road, Chennai",Slight Injury
15:40:00,Tuesday,18-30,Male,Junior high school,Employee,Above 10yr,Undivided Two way,Daylight,Normal,Vehicle with vehicle collision,Changing lane to the left,"OMR, Chennai",Slight Injury
15:40:00,Tuesday,18-30,Male,Junior high school,Employee,5-10yr,Two-way (divided with broken lines road marking),Daylight,Normal,Vehicle with vehicle collision,No priority to vehicle,"Chromepet, Chennai",Slight Injury
15:40:00,Tuesday,31-50,Male,Junior high school,Employee,2-5yr,Undivided Two way,Daylight,Normal,Vehicle with vehicle collision,No distancing,"Outer Ring Road, Chennai",Slight Injury
15:40:00,Tuesday,Over 51,Male,Junior high school,Employee,Below 1yr,Two-way (divided with broken lines road marking),Daylight,Normal,Rollover,No priority to pedestrian,"Old Mahabalipuram Road, Chennai",Slight Injury
20:15:00,Saturday,18-30,Male,Junior high school,Employee,1-2yr,other,Darkness - lights lit,Normal,Vehicle with vehicle collision,No priority to pedestrian,"Tambaram, Chennai",Slight Injury
20:15:00,Saturday,18-30,Male,Junior high school,Employee,5-10yr,Two-way (divided with broken lines road marking),Darkness - lights lit,Normal,Collision with roadside objects,No priority to vehicle,"186 Feet Road, Anna Nagar",Slight Injury
20:15:00,Saturday,18-30,Male,Junior high school,Employee,Below 1yr,Two-way (divided with broken lines road marking),Darkness - lights lit,Normal,Collision with pedestrians,Driving carelessly,"Nungambakkam, Chennai",Slight Injury
20:15:00,Saturday,18-30,Male,Elementary school,Employee,5-10yr,Two-way (divided with broken lines road marking),Darkness - lights lit,Normal,Vehicle with vehicle collision,Changing lane to the right,"Mount Road, Chennai",Slight Injury
20:15:00,Saturday,18-30,Male,Junior high school,Employee,2-5yr,other,Darkness - lights lit,Normal,Vehicle with vehicle collision,Changing lane to the left,"T Nagar, Chennai",Slight Injury
20:15:00,Saturday,18-30,Male,Junior high school,Employee,5-10yr,other,Darkness - lights lit,Normal,Vehicle with vehicle collision,Moving Backward,"GST Road, Chennai",Slight Injury
08:15:00,Monday,18-30,Male,Elementary school,Employee,5-10yr,Undivided Two way,Daylight,Normal,Vehicle with vehicle collision,Driving carelessly,"Chromepet, Chennai",Slight Injury
08:15:00,Monday,31-50,Male,Junior high school,Employee,Above 10yr,Double carriageway (median),Daylight,Normal,Vehicle with vehicle collision,Driving to the left,"Outer Ring Road, Chennai",Slight Injury
08:15:00,Monday,Over 51,Male,Junior high school,Employee,1-2yr,other,Daylight,Normal,Vehicle with vehicle collision,Driving to the left,"Old Mahabalipuram Road, Chennai",Slight Injury
09:18:00,Tuesday,Over 51,Male,High school,Employee,Below 1yr,Undivided Two way,Daylight,Normal,Vehicle with vehicle collision,No priority to pedestrian,"Tambaram, Chennai",Serious Injury
09:18:00,Tuesday,Over 51,Male,Elementary school,Employee,Above 10yr,Two-way (divided with broken lines road marking),Daylight,Normal,Collision with roadside objects,Changing lane to the left,"Rajiv Gandhi Salai, Chennai",Serious Injury
13:10:00,Sunday,Under 18,Male,High school,Owner,1-2yr,Two-way (divided with broken lines road marking),Daylight,Normal,Rollover,Changing lane to the right,"Poonamallee High Road, Chennai",Slight Injury
13:10:00,Sunday,Under 18,Male,Junior high school,Employee,2-5yr,Two-way (divided with broken lines road marking),Daylight,Normal,Vehicle with vehicle collision,Driving carelessly,"Porur, Chennai",Slight Injury
13:10:00,Sunday,Under 18,Male,,Employee,5-10yr,Double carriageway (median),Daylight,Normal,Collision with pedestrians,No distancing,"Velachery Main Road, Chennai",Slight Injury
13:10:00,Sunday,31-50,Male,High school,Owner,2-5yr,Double carriageway (median),Daylight,Normal,Vehicle with vehicle collision,Getting off the vehicle improperly,"OMR, Chennai",Slight Injury
13:41:00,Tuesday,Unknown,Female,High school,Employee,Above 10yr,Double carriageway (median),Daylight,Normal,Vehicle with vehicle collision,Driving under the influence of drugs,"Alandur, Chennai",Slight Injury
13:41:00,Tuesday,Over 51,Male,Junior high school,Employee,1-2yr,Double carriageway (median),Daylight,Normal,Collision with pedestrians,Changing lane to the right,"GST Road, Chennai",Slight Injury
13:41:00,Tuesday,Over 51,Male,Elementary school,Employee,1-2yr,Double carriageway (median),Daylight,Normal,Collision with pedestrians,Driving carelessly,"Old Mahabalipuram Road, Chennai",Slight Injury
13:41:00,Tuesday,Over 51,Male,High school,Employee,1-2yr,Undivided Two way,Daylight,Normal,Vehicle with vehicle collision,Moving Backward,"Tambaram, Chennai",Slight Injury
13:41:00,Tuesday,18-30,Male,Above high school,Employee,5-10yr,One way,Daylight,Normal,Vehicle with vehicle collision,Turnover,"187 Feet Road, Anna Nagar",Slight Injury
12:30:00,Tuesday,18-30,Male,,,,One way,Daylight,Normal,Vehicle with vehicle collision,Changing lane to the right,"Nungambakkam, Chennai",Slight Injury
12:30:00,Tuesday,18-30,Male,Junior high school,Employee,5-10yr,Double carriageway (median),Daylight,Normal,Vehicle with vehicle collision,Driving carelessly,"Mount Road, Chennai",Slight Injury
11:30:00,Wednesday,31-50,Male,Elementary school,Owner,5-10yr,Two-way (divided with broken lines road marking),Daylight,Normal,Vehicle with vehicle collision,No priority to vehicle,"T Nagar, Chennai",Serious Injury
22:20:00,Sunday,18-30,Male,Elementary school,Employee,5-10yr,Double carriageway (median),Darkness - lights lit,Normal,Collision with roadside objects,Moving Backward,"Rajiv Gandhi Salai, Chennai",Slight Injury
22:20:00,Sunday,18-30,Male,High school,Owner,5-10yr,,Darkness - lights lit,Normal,Vehicle with vehicle collision,Changing lane to the left,"Kamarajar Salai, Chennai",Slight Injury
10:57:00,Tuesday,18-30,Male,Junior high school,Employee,5-10yr,Double carriageway (median),Daylight,Normal,Vehicle with vehicle collision,Overturning,"Thirumangalam, Chennai",Slight Injury
10:57:00,Tuesday,18-30,Male,Junior high school,Owner,1-2yr,Two-way (divided with broken lines road marking),Daylight,Normal,Vehicle with vehicle collision,No distancing,"GST Road, Chennai",Slight Injury
10:57:00,Tuesday,Over 51,Male,Junior high school,Employee,2-5yr,Undivided Two way,Daylight,Normal,Vehicle with vehicle collision,Driving carelessly,"Poonamallee High Road, Chennai",Slight Injury
11:08:00,Thursday,Over 51,Male,Junior high school,Owner,5-10yr,Undivided Two way,Daylight,Normal,Vehicle with vehicle collision,No distancing,"Porur, Chennai",Serious Injury
11:08:00,Thursday,Over 51,Male,Junior high school,Owner,Above 10yr,Undivided Two way,Daylight,Normal,Vehicle with vehicle collision,Changing lane to the left,"Velachery Main Road, Chennai",Serious Injury
02:47:00,Friday,31-50,Male,High school,Employee,5-10yr,Undivided Two way,Darkness - lights lit,Normal,Vehicle with vehicle collision,No priority to pedestrian,"OMR, Chennai",Fatal injury
09:35:00,Wednesday,31-50,Male,High school,Owner,2-5yr,Undivided Two way,Daylight,Normal,Vehicle with vehicle collision,No distancing,"Chromepet, Chennai",Slight Injury
09:35:00,Wednesday,31-50,Male,Junior high school,Employee,5-10yr,other,Daylight,Normal,Vehicle with vehicle collision,No distancing,"Outer Ring Road, Chennai",Slight Injury
17:02:00,Monday,18-30,Male,Elementary school,Employee,2-5yr,other,Daylight,Normal,Vehicle with vehicle collision,Changing lane to the left,"Old Mahabalipuram Road, Chennai",Slight Injury
17:02:00,Monday,31-50,Male,Elementary school,Employee,5-10yr,Double carriageway (median),Daylight,Normal,Vehicle with vehicle collision,No distancing,"Tambaram, Chennai",Slight Injury
17:02:00,Monday,18-30,Male,Junior high school,Employee,1-2yr,,Daylight,Normal,Vehicle with vehicle collision,Changing lane to the left,"ECR, Chennai",Slight Injury
01:06:00,Sunday,18-30,Male,Junior high school,Employee,5-10yr,One way,Darkness - lights lit,Normal,Vehicle with vehicle collision,No distancing,"GST Road, Chennai",Slight Injury
01:06:00,Sunday,18-30,Male,,,,One way,Darkness - lights lit,Normal,Vehicle with vehicle collision,No distancing,"Alandur, Chennai",Slight Injury
14:15:00,Friday,31-50,Male,Elementary school,Employee,Above 10yr,Undivided Two way,Daylight,Normal,Vehicle with vehicle collision,No distancing,"Rajiv Gandhi Salai, Chennai",Slight Injury
17:30:00,Wednesday,18-30,Male,Elementary school,Employee,Below 1yr,One way,Daylight,Normal,Collision with roadside objects,Changing lane to the left,"Mount Road, Chennai",Slight Injury
17:20:00,Friday,18-30,Male,Junior high school,Employee,2-5yr,other,Daylight,Normal,Vehicle with vehicle collision,Changing lane to the right,"Vadapalani, Chennai",Slight Injury
17:20:00,Friday,18-30,Male,Elementary school,Owner,1-2yr,other,Daylight,Normal,Vehicle with vehicle collision,Moving Backward,"Thirumangalam High Road, Chennai",Slight Injury
17:20:00,Friday,18-30,Male,Junior high school,Owner,5-10yr,Undivided Two way,Daylight,Normal,Vehicle with vehicle collision,Changing lane to the right,"Perambur, Chennai",Slight Injury
14:40:00,Saturday,18-30,Male,Junior high school,Employee,2-5yr,Double carriageway (median),Daylight,Normal,Vehicle with vehicle collision,No distancing,"GST Road, Chennai",Slight Injury
14:40:00,Saturday,31-50,Male,Junior high school,Employee,2-5yr,Two-way (divided with broken lines road marking),Daylight,Normal,Collision with pedestrians,Overtaking,"Old Mahabalipuram Road, Chennai",Slight Injury
17:45:00,Thursday,18-30,Male,High school,Employee,2-5yr,Undivided Two way,Daylight,Normal,Vehicle with vehicle collision,Other,"Tambaram, Chennai",Slight Injury
17:45:00,Thursday,31-50,Male,Junior high school,Employee,Above 10yr,Double carriageway (median),Daylight,Normal,Vehicle with vehicle collision,Other,"ECR, Chennai",Slight Injury
17:45:00,Thursday,31-50,Male,Junior high school,Employee,2-5yr,Two-way (divided with broken lines road marking),Daylight,Normal,Vehicle with vehicle collision,Changing lane to the right,"OMR, Chennai",Slight Injury
22:45:00,Monday,18-30,Female,Junior high school,Employee,1-2yr,other,Darkness - lights lit,Raining,Vehicle with vehicle collision,No priority to pedestrian,"Alandur, Chennai",Slight Injury
22:45:00,Monday,18-30,Male,Junior high school,Employee,2-5yr,Two-way (divided with broken lines road marking),Darkness - lights lit,Raining,Vehicle with vehicle collision,No priority to vehicle,"Vadapalani, Chennai",Slight Injury
22:45:00,Monday,18-30,Male,Junior high school,Employee,5-10yr,One way,Darkness - lights lit,Raining,Vehicle with vehicle collision,Changing lane to the left,"Thirumangalam High Road, Chennai",Slight Injury
22:45:00,Monday,18-30,Male,Junior high school,Employee,1-2yr,One way,Darkness - lights lit,Raining,Vehicle with vehicle collision,Changing lane to the left,"Perambur, Chennai",Slight Injury
08:20:00,Tuesday,18-30,Male,Elementary school,Employee,1-2yr,Undivided Two way,Daylight,Normal,Vehicle with vehicle collision,Overtaking,"GST Road, Chennai",Slight Injury
08:20:00,Tuesday,Under 18,Male,Junior high school,Employee,2-5yr,Two-way (divided with broken lines road marking),Daylight,Normal,Collision with pedestrians,No distancing,"Old Mahabalipuram Road, Chennai",Slight Injury
15:10:00,Thursday,18-30,Male,Junior high school,Employee,Above 10yr,other,Daylight,Normal,Vehicle with vehicle collision,No priority to vehicle,"Tambaram, Chennai",Slight Injury
12:11:00,Thursday,18-30,Male,Junior high school,Employee,Below 1yr,Two-way (divided with broken lines road marking),Daylight,Normal,Vehicle with vehicle collision,Changing lane to the right,"ECR, Chennai",Serious Injury
12:11:00,Thursday,31-50,Male,Junior high school,Employee,Above 10yr,Two-way (divided with broken lines road marking),Daylight,Normal,Vehicle with vehicle collision,Changing lane to the left,"GST Road, Chennai",Serious Injury
18:36:00,Wednesday,18-30,Male,Elementary school,Owner,5-10yr,Two-way (divided with broken lines road marking),Daylight,Normal,Vehicle with vehicle collision,No distancing,"Alandur, Chennai",Slight Injury
18:36:00,Wednesday,18-30,Male,Elementary school,Employee,Above 10yr,One way,Daylight,Normal,Collision with roadside objects,Driving carelessly,"Rajiv Gandhi Salai, Chennai",Slight Injury
18:36:00,Wednesday,18-30,Male,Junior high school,Employee,1-2yr,Two-way (divided with broken lines road marking),Daylight,Normal,Vehicle with vehicle collision,No priority to pedestrian,"Poonamallee High Road, Chennai",Slight Injury
14:35:00,Friday,18-30,Male,,,,Undivided Two way,Daylight,Normal,Vehicle with vehicle collision,Driving carelessly,"Porur, Chennai",Slight Injury
12:25:00,Tuesday,Over 51,Male,High school,Owner,5-10yr,Two-way (divided with broken lines road marking),Daylight,Normal,Vehicle with vehicle collision,Moving Backward,"Velachery Main Road, Chennai",Slight Injury
12:25:00,Tuesday,18-30,Male,Elementary school,Employee,2-5yr,Two-way (divided with broken lines road marking),Daylight,Normal,Vehicle with vehicle collision,No distancing,"OMR, Chennai",Slight Injury
15:30:00,Monday,18-30,Male,,,,Two-way (divided with broken lines road marking),Daylight,Normal,Vehicle with vehicle collision,No distancing,"Chromepet, Chennai",Slight Injury
18:10:00,Thursday,18-30,Male,,,,Undivided Two way,Daylight,Normal,Vehicle with vehicle collision,No distancing,"Outer Ring Road, Chennai",Slight Injury
15:25:00,Thursday,18-30,Male,High school,Owner,1-2yr,Undivided Two way,Daylight,Normal,Vehicle with vehicle collision,Changing lane to the left,"Old Mahabalipuram Road, Chennai",Slight Injury
15:25:00,Thursday,31-50,Male,Junior high school,Employee,1-2yr,Undivided Two way,Daylight,Normal,Collision with roadside objects,Changing lane to the left,"Tambaram, Chennai",Slight Injury
13:57:00,Saturday,Over 51,Male,Junior high school,Employee,1-2yr,Undivided Two way,Daylight,Normal,Vehicle with vehicle collision,Moving Backward,"ECR, Chennai",Slight Injury
13:57:00,Saturday,18-30,Male,Junior high school,Employee,Above 10yr,,Daylight,Normal,Vehicle with vehicle collision,Changing lane to the right,"GST Road, Chennai",Slight Injury
20:30:00,Friday,18-30,Male,Junior high school,Employee,1-2yr,Undivided Two way,Darkness - lights lit,Normal,Vehicle with vehicle collision,No priority to vehicle,"Alandur, Chennai",Slight Injury
20:30:00,Friday,Over 51,Male,High school,Owner,Above 10yr,,Darkness - lights lit,Normal,Vehicle with vehicle collision,Moving Backward,"Rajiv Gandhi Salai, Chennai",Slight Injury
20:30:00,Friday,Over 51,Male,Junior high school,Employee,Above 10yr,Two-way (divided with broken lines road marking),Darkness - lights lit,Normal,Rollover,Driving carelessly,"Poonamallee High Road, Chennai",Slight Injury
16:30:00,Sunday,Over 51,Male,Junior high school,Employee,1-2yr,Two-way (divided with broken lines road marking),Daylight,Normal,Vehicle with vehicle collision,Driving carelessly,"Porur, Chennai",Slight Injury
16:30:00,Sunday,31-50,Male,Junior high school,Employee,1-2yr,other,Daylight,Normal,Vehicle with vehicle collision,Driving under the influence of drugs,"Velachery Main Road, Chennai",Slight Injury
21:50:00,Sunday,31-50,Male,High school,Employee,2-5yr,Undivided Two way,Darkness - lights lit,Normal,Collision with roadside objects,No priority to pedestrian,"OMR, Chennai",Slight Injury
21:50:00,Sunday,18-30,Male,Junior high school,Employee,2-5yr,Undivided Two way,Darkness - lights lit,Normal,Vehicle with vehicle collision,No priority to vehicle,"Chromepet, Chennai",Slight Injury
09:12:00,Wednesday,18-30,Male,Junior high school,Employee,1-2yr,Two-way (divided with broken lines road marking),Daylight,Normal,Vehicle with vehicle collision,Driving carelessly,"Outer Ring Road, Chennai",Slight Injury
09:12:00,Wednesday,18-30,Male,Elementary school,Employee,5-10yr,Undivided Two way,Daylight,Normal,Vehicle with vehicle collision,Moving Backward,"Old Mahabalipuram Road, Chennai",Slight Injury
14:40:00,Friday,31-50,Male,Junior high school,Employee,5-10yr,One way,Daylight,Normal,Collision with roadside objects,Driving carelessly,"Tambaram, Chennai",Serious Injury
10:36:00,Friday,31-50,Male,Junior high school,Employee,1-2yr,Undivided Two way,Daylight,Normal,Collision with roadside objects,No priority to vehicle,"ECR, Chennai",Slight Injury
10:36:00,Friday,31-50,Male,Elementary school,Other,5-10yr,Two-way (divided with broken lines road marking),Daylight,Normal,Vehicle with vehicle collision,Changing lane to the right,"GST Road, Chennai",Slight Injury
18:19:00,Monday,18-30,Male,Junior high school,Employee,2-5yr,Two-way (divided with broken lines road marking),Daylight,Normal,Vehicle with vehicle collision,Changing lane to the left,"Alandur, Chennai",Slight Injury
18:19:00,Monday,18-30,Male,Elementary school,Employee,5-10yr,Undivided Two way,Daylight,Normal,Collision with roadside objects,No priority to vehicle,"Rajiv Gandhi Salai, Chennai",Slight Injury
19:12:00,Tuesday,18-30,Male,Junior high school,Employee,Above 10yr,Two-way (divided with broken lines road marking),Daylight,Normal,Collision with roadside objects,Driving carelessly,"Poonamallee High Road, Chennai",Slight Injury
19:12:00,Tuesday,31-50,Male,Junior high school,Employee,Above 10yr,Two-way (divided with broken lines road marking),Daylight,Normal,Vehicle with vehicle collision,Moving Backward,"Porur, Chennai",Slight Injury
11:38:00,Saturday,Over 51,Male,Elementary school,Owner,2-5yr,Undivided Two way,Daylight,Normal,Vehicle with vehicle collision,No distancing,"Velachery Main Road, Chennai",Slight Injury
11:38:00,Saturday,31-50,Male,Elementary school,Employee,5-10yr,other,Daylight,Normal,Vehicle with vehicle collision,Changing lane to the left,"OMR, Chennai",Slight Injury
11:38:00,Saturday,31-50,Male,Junior high school,Owner,1-2yr,One way,Daylight,Normal,Collision with roadside objects,Changing lane to the left,"Chromepet, Chennai",Slight Injury
11:38:00,Saturday,18-30,Male,Elementary school,Employee,Above 10yr,Undivided Two way,Daylight,Normal,Vehicle with vehicle collision,No distancing,"Outer Ring Road, Chennai",Slight Injury